timing,real_time
1785302664.743031,2026-07-29 13:24:24.743031
1785302665.214595,2026-07-29 13:24:25.214595
1785302666.1032572,2026-07-29 13:24:26.103257
1785302667.0528722,2026-07-29 13:24:27.052872
1785302668.00665,2026-07-29 13:24:28.006650
1785302668.9096084,2026-07-29 13:24:28.909608
1785302669.844846,2026-07-29 13:24:29.844846
1785302670.7755413,2026-07-29 13:24:30.775541
1785302671.790802,2026-07-29 13:24:31.790802
1785302672.8254063,2026-07-29 13:24:32.825406
1785302673.771885,2026-07-29 13:24:33.771885
1785302674.81011,2026-07-29 13:24:34.810110
1785302675.797642,2026-07-29 13:24:35.797642
1785302676.7926972,2026-07-29 13:24:36.792697
1785302677.6797628,2026-07-29 13:24:37.679763
1785302678.1266506,2026-07-29 13:24:38.126651
